[
  {
    "id": "38733",
    "code": "33",
    "country": "BA",
    "region": "Sarajevo",
    "city": "Sarajevo",
    "e164": "38733",
    "notes": "Capital city  cultural and historic center"
  },
  {
    "id": "38751",
    "code": "51",
    "country": "BA",
    "region": "Banja Luka",
    "city": "Banja Luka",
    "e164": "38751",
    "notes": "De facto capital of Republika Srpska"
  },
  {
    "id": "38736",
    "code": "36",
    "country": "BA",
    "region": "Mostar",
    "city": "Mostar",
    "e164": "38736",
    "notes": "Known for the Old Bridge (Stari Most)"
  },
  {
    "id": "38735",
    "code": "35",
    "country": "BA",
    "region": "Tuzla",
    "city": "Tuzla",
    "e164": "38735",
    "notes": "Industrial center  salt lakes"
  },
  {
    "id": "38732",
    "code": "32",
    "country": "BA",
    "region": "Zenica",
    "city": "Zenica",
    "e164": "38732",
    "notes": "Steel industry center"
  },
  {
    "id": "38737",
    "code": "37",
    "country": "BA",
    "region": "Biha\u0107",
    "city": "Biha\u0107",
    "e164": "38737",
    "notes": "Located on the Una river"
  },
  {
    "id": "38759",
    "code": "59",
    "country": "BA",
    "region": "Trebinje",
    "city": "Trebinje",
    "e164": "38759",
    "notes": "Southernmost city  wine region"
  },
  {
    "id": "38753",
    "code": "53",
    "country": "BA",
    "region": "Doboj",
    "city": "Doboj",
    "e164": "38753",
    "notes": "Major railway junction"
  },
  {
    "id": "38755",
    "code": "55",
    "country": "BA",
    "region": "Bijeljina",
    "city": "Bijeljina",
    "e164": "38755",
    "notes": "Agricultural hub in Semberija"
  },
  {
    "id": "38749",
    "code": "49",
    "country": "BA",
    "region": "Br\u010dko",
    "city": "Br\u010dko",
    "e164": "38749",
    "notes": "Self-governing administrative unit"
  },
  {
    "id": "38730",
    "code": "30",
    "country": "BA",
    "region": "Travnik",
    "city": "Travnik",
    "e164": "38730",
    "notes": "Former Ottoman capital of Bosnia"
  },
  {
    "id": "38734",
    "code": "34",
    "country": "BA",
    "region": "Livno",
    "city": "Livno",
    "e164": "38734",
    "notes": "Center of Canton 10"
  },
  {
    "id": "38739",
    "code": "39",
    "country": "BA",
    "region": "\u0160iroki Brijeg",
    "city": "\u0160iroki Brijeg",
    "e164": "38739",
    "notes": "Center of West Herzegovina Canton"
  }
]