[
  {
    "id": "1204",
    "code": "204",
    "country": "CA",
    "region": "Winnipeg",
    "city": "Winnipeg",
    "e164": "1204",
    "notes": "Friendly Manitoba. One of the original 1947 codes."
  },
  {
    "id": "1226",
    "code": "226",
    "country": "CA",
    "region": "London / Windsor",
    "city": "London / Windsor",
    "e164": "1226",
    "notes": "Overlay for 519 (Southwest Ontario)."
  },
  {
    "id": "1236",
    "code": "236",
    "country": "CA",
    "region": "British Columbia",
    "city": "British Columbia",
    "e164": "1236",
    "notes": "Province-wide overlay."
  },
  {
    "id": "1249",
    "code": "249",
    "country": "CA",
    "region": "Sudbury / Muskoka",
    "city": "Sudbury / Muskoka",
    "e164": "1249",
    "notes": "Overlay for 705 (Northern Ontario)."
  },
  {
    "id": "1250",
    "code": "250",
    "country": "CA",
    "region": "Victoria / Kelowna",
    "city": "Victoria / Kelowna",
    "e164": "1250",
    "notes": "BC Interior and Vancouver Island. 'The Island' lifestyle."
  },
  {
    "id": "1289",
    "code": "289",
    "country": "CA",
    "region": "GTA Suburbs",
    "city": "GTA Suburbs",
    "e164": "1289",
    "notes": "Overlay for 905 (Hamilton/Niagara/Peel/York/Durham)."
  },
  {
    "id": "1306",
    "code": "306",
    "country": "CA",
    "region": "Saskatoon / Regina",
    "city": "Saskatoon / Regina",
    "e164": "1306",
    "notes": "Rider Nation. The original Saskatchewan code."
  },
  {
    "id": "1343",
    "code": "343",
    "country": "CA",
    "region": "Ottawa",
    "city": "Ottawa",
    "e164": "1343",
    "notes": "Overlay for 613 (National Capital Region)."
  },
  {
    "id": "1365",
    "code": "365",
    "country": "CA",
    "region": "GTA Suburbs",
    "city": "GTA Suburbs",
    "e164": "1365",
    "notes": "Newer overlay for the 905 belt."
  },
  {
    "id": "1403",
    "code": "403",
    "country": "CA",
    "region": "Calgary / Banff",
    "city": "Calgary / Banff",
    "e164": "1403",
    "notes": "The 'Cowtown' code. Stampede City and Rockies gateway."
  },
  {
    "id": "1416",
    "code": "416",
    "country": "CA",
    "region": "Toronto (Core)",
    "city": "Toronto (Core)",
    "e164": "1416",
    "notes": "The 6ix. Drake made this code famous. Strictly downtown status."
  },
  {
    "id": "1418",
    "code": "418",
    "country": "CA",
    "region": "Quebec City / Saguenay",
    "city": "Quebec City / Saguenay",
    "e164": "1418",
    "notes": "Francophone heartland. Old Quebec (UNESCO)."
  },
  {
    "id": "1431",
    "code": "431",
    "country": "CA",
    "region": "Manitoba",
    "city": "Manitoba",
    "e164": "1431",
    "notes": "Newer overlay for Winnipeg/Manitoba."
  },
  {
    "id": "1437",
    "code": "437",
    "country": "CA",
    "region": "Toronto (Core)",
    "city": "Toronto (Core)",
    "e164": "1437",
    "notes": "The newest overlay for downtown Toronto."
  },
  {
    "id": "1438",
    "code": "438",
    "country": "CA",
    "region": "Montreal",
    "city": "Montreal",
    "e164": "1438",
    "notes": "Newer overlay for Montreal Island."
  },
  {
    "id": "1450",
    "code": "450",
    "country": "CA",
    "region": "Laval / Longueuil",
    "city": "Laval / Longueuil",
    "e164": "1450",
    "notes": "The 450. Montreal's off-island suburbs (banlieues)."
  },
  {
    "id": "1506",
    "code": "506",
    "country": "CA",
    "region": "New Brunswick",
    "city": "Fredericton / Moncton",
    "e164": "1506",
    "notes": "The only officially bilingual province."
  },
  {
    "id": "1514",
    "code": "514",
    "country": "CA",
    "region": "Montreal (Island)",
    "city": "Montreal (Island)",
    "e164": "1514",
    "notes": "The '212' of Quebec. Historic, urban, and culturally vibrant."
  },
  {
    "id": "1519",
    "code": "519",
    "country": "CA",
    "region": "Waterloo / Kitchener",
    "city": "Waterloo / Kitchener",
    "e164": "1519",
    "notes": "The 'Tech Triangle'. Blackberry birthplace."
  },
  {
    "id": "1548",
    "code": "548",
    "country": "CA",
    "region": "Southwest Ontario",
    "city": "Southwest Ontario",
    "e164": "1548",
    "notes": "Newer overlay for 519."
  },
  {
    "id": "1579",
    "code": "579",
    "country": "CA",
    "region": "Montreal Suburbs",
    "city": "Montreal Suburbs",
    "e164": "1579",
    "notes": "Newer overlay for 450."
  },
  {
    "id": "1581",
    "code": "581",
    "country": "CA",
    "region": "Eastern Quebec",
    "city": "Eastern Quebec",
    "e164": "1581",
    "notes": "Newer overlay for Quebec City/418."
  },
  {
    "id": "1587",
    "code": "587",
    "country": "CA",
    "region": "Alberta",
    "city": "Alberta",
    "e164": "1587",
    "notes": "Province-wide overlay (created during the oil boom)."
  },
  {
    "id": "1604",
    "code": "604",
    "country": "CA",
    "region": "Vancouver (Metro)",
    "city": "Vancouver (Metro)",
    "e164": "1604",
    "notes": "The original BC code. 'The 604' lifestyle brand."
  },
  {
    "id": "1613",
    "code": "613",
    "country": "CA",
    "region": "Ottawa / Kingston",
    "city": "Ottawa / Kingston",
    "e164": "1613",
    "notes": "The Political Capital code. Eastern Ontario."
  },
  {
    "id": "1639",
    "code": "639",
    "country": "CA",
    "region": "Saskatchewan",
    "city": "Saskatchewan",
    "e164": "1639",
    "notes": "Newer overlay for Saskatchewan."
  },
  {
    "id": "1647",
    "code": "647",
    "country": "CA",
    "region": "Toronto (Metro)",
    "city": "Toronto (Metro)",
    "e164": "1647",
    "notes": "First Toronto overlay (2001). Common but lacks 416 prestige."
  },
  {
    "id": "1672",
    "code": "672",
    "country": "CA",
    "region": "British Columbia",
    "city": "British Columbia",
    "e164": "1672",
    "notes": "Future/New overlay."
  },
  {
    "id": "1705",
    "code": "705",
    "country": "CA",
    "region": "Northern Ontario",
    "city": "Northern Ontario",
    "e164": "1705",
    "notes": "Cottage Country. Synonymous with summer vacations by the lake."
  },
  {
    "id": "1709",
    "code": "709",
    "country": "CA",
    "region": "St. John's",
    "city": "St. John's",
    "e164": "1709",
    "notes": "The Rock. Unique time zone (+30 mins). Friendly locals."
  },
  {
    "id": "1753",
    "code": "753",
    "country": "CA",
    "region": "Eastern Ontario",
    "city": "Eastern Ontario",
    "e164": "1753",
    "notes": "Future overlay for Ottawa area."
  },
  {
    "id": "1778",
    "code": "778",
    "country": "CA",
    "region": "British Columbia",
    "city": "British Columbia",
    "e164": "1778",
    "notes": "Ubiquitous code across BC (Mobile/Landline)."
  },
  {
    "id": "1780",
    "code": "780",
    "country": "CA",
    "region": "Edmonton / North",
    "city": "Edmonton / North",
    "e164": "1780",
    "notes": "Oil Sands capital. The 'Gretzky Era' code."
  },
  {
    "id": "1782",
    "code": "782",
    "country": "CA",
    "region": "Maritimes",
    "city": "Maritimes",
    "e164": "1782",
    "notes": "Overlay for 902."
  },
  {
    "id": "1807",
    "code": "807",
    "country": "CA",
    "region": "Thunder Bay",
    "city": "Thunder Bay",
    "e164": "1807",
    "notes": "Northwest Ontario. Closer to Winnipeg than Toronto."
  },
  {
    "id": "1819",
    "code": "819",
    "country": "CA",
    "region": "Gatineau / Sherbrooke",
    "city": "Gatineau / Sherbrooke",
    "e164": "1819",
    "notes": "Western Quebec. National Capital Region (QC side)."
  },
  {
    "id": "1825",
    "code": "825",
    "country": "CA",
    "region": "Alberta",
    "city": "Alberta",
    "e164": "1825",
    "notes": "Newest Alberta overlay."
  },
  {
    "id": "1867",
    "code": "867",
    "country": "CA",
    "region": "Yukon / NWT / Nunavut",
    "city": "Yukon / NWT / Nunavut",
    "e164": "1867",
    "notes": "The 'Arctic' code. Covers 40% of Canada's land mass."
  },
  {
    "id": "1873",
    "code": "873",
    "country": "CA",
    "region": "Western Quebec",
    "city": "Western Quebec",
    "e164": "1873",
    "notes": "Newer overlay for 819."
  },
  {
    "id": "1902",
    "code": "902",
    "country": "CA",
    "region": "Halifax / Charlottetown",
    "city": "Halifax / Charlottetown",
    "e164": "1902",
    "notes": "The Maritimes. Trailer Park Boys setting. Anne of Green Gables."
  },
  {
    "id": "1905",
    "code": "905",
    "country": "CA",
    "region": "GTA (Suburbs)",
    "city": "Mississauga / Brampton",
    "e164": "1905",
    "notes": ""
  }
]