[
  {
    "id": "4121",
    "code": "21",
    "country": "CH",
    "region": "Lausanne",
    "city": "Lausanne",
    "e164": "4121",
    "notes": "Olympic Capital (IOC HQ) and EPFL university."
  },
  {
    "id": "4122",
    "code": "22",
    "country": "CH",
    "region": "Geneva",
    "city": "Geneva",
    "e164": "4122",
    "notes": "The \"Peace Capital\". Home to the UN Red Cross and CERN."
  },
  {
    "id": "4124",
    "code": "24",
    "country": "CH",
    "region": "Yverdon-les-Bains",
    "city": "Yverdon-les-Bains",
    "e164": "4124",
    "notes": "Gateway to the Vaud Alps and thermal springs."
  },
  {
    "id": "4126",
    "code": "26",
    "country": "CH",
    "region": "Fribourg",
    "city": "Fribourg",
    "e164": "4126",
    "notes": "A cultural bridge between French and German-speaking Switzerland."
  },
  {
    "id": "4127",
    "code": "27",
    "country": "CH",
    "region": "Sion",
    "city": "Sion",
    "e164": "4127",
    "notes": "Home to the Matterhorn, Verbier and Crans-Montana"
  },
  {
    "id": "4131",
    "code": "31",
    "country": "CH",
    "region": "Bern",
    "city": "Bern",
    "e164": "4131",
    "notes": "The Federal Capital. Medieval Old Town (UNESCO)."
  },
  {
    "id": "4132",
    "code": "32",
    "country": "CH",
    "region": "Biel/Bienne",
    "city": "Biel/Bienne",
    "e164": "4132",
    "notes": "The \"Watch Valley\". Home to Rolex Omega and Swatch"
  },
  {
    "id": "4133",
    "code": "33",
    "country": "CH",
    "region": "Interlaken",
    "city": "Interlaken",
    "e164": "4133",
    "notes": "Gateway to the Jungfrau Region and \"The Top of Europe\"."
  },
  {
    "id": "4141",
    "code": "41",
    "country": "CH",
    "region": "Lucerne",
    "city": "Lucerne",
    "e164": "4141",
    "notes": "The historic heart of the Swiss Confederation."
  },
  {
    "id": "4143",
    "code": "43",
    "country": "CH",
    "region": "Zurich (Suburbs)",
    "city": "Zurich (Suburbs)",
    "e164": "4143",
    "notes": "The suburban ring of the financial capital."
  },
  {
    "id": "4144",
    "code": "44",
    "country": "CH",
    "region": "Zurich (City)",
    "city": "Zurich (City)",
    "e164": "4144",
    "notes": "The \"Downtown\" code. Banking Finance and Bahnhofstrasse."
  },
  {
    "id": "4152",
    "code": "52",
    "country": "CH",
    "region": "Winterthur",
    "city": "Winterthur",
    "e164": "4152",
    "notes": "Former industrial powerhouse; now a museum and university hub."
  },
  {
    "id": "4156",
    "code": "56",
    "country": "CH",
    "region": "Baden",
    "city": "Baden",
    "e164": "4156",
    "notes": "Thermal baths and engineering (ABB HQ)."
  },
  {
    "id": "4161",
    "code": "61",
    "country": "CH",
    "region": "Basel",
    "city": "Basel",
    "e164": "4161",
    "notes": "Pharma capital of the world (Novartis/Roche) and Art Basel."
  },
  {
    "id": "4171",
    "code": "71",
    "country": "CH",
    "region": "St. Gallen",
    "city": "St. Gallen",
    "e164": "4171",
    "notes": "Textile history and the Abbey Library (UNESCO)."
  },
  {
    "id": "4181",
    "code": "81",
    "country": "CH",
    "region": "Chur / Davos / St. Moritz",
    "city": "Chur / Davos / St. Moritz",
    "e164": "4181",
    "notes": "Luxury ski resorts (WEF) and \"Heidi\" country."
  },
  {
    "id": "4191",
    "code": "91",
    "country": "CH",
    "region": "Lugano / Locarno",
    "city": "Lugano / Locarno",
    "e164": "4191",
    "notes": "Italian-speaking Switzerland. \"The sunny living room\" of the country."
  }
]