[
  {
    "id": "35722",
    "code": "22",
    "country": "CY",
    "region": "Nicosia",
    "city": "Nicosia",
    "e164": "35722",
    "notes": "The last divided capital in Europe. Venetian walls."
  },
  {
    "id": "35725",
    "code": "25",
    "country": "CY",
    "region": "Limassol",
    "city": "Limassol",
    "e164": "35725",
    "notes": "Major port and business hub. Wine festival."
  },
  {
    "id": "35724",
    "code": "24",
    "country": "CY",
    "region": "Larnaca",
    "city": "Larnaca",
    "e164": "35724",
    "notes": "Palm tree promenade. Salt Lake with flamingos."
  },
  {
    "id": "35726",
    "code": "26",
    "country": "CY",
    "region": "Paphos",
    "city": "Paphos",
    "e164": "35726",
    "notes": "Mythological birthplace of Aphrodite. Ancient mosaics (UNESCO)."
  },
  {
    "id": "35723",
    "code": "23",
    "country": "CY",
    "region": "Paralimni / Ayia Napa",
    "city": "Paralimni / Ayia Napa",
    "e164": "35723",
    "notes": "Protaras beaches and Ayia Napa nightlife."
  },
  {
    "id": "35799",
    "code": "99",
    "country": "CY",
    "region": "Mobile",
    "city": "",
    "e164": "35799",
    "notes": "Mobile network services (PrimeTel/MTN/Epic)"
  },
  {
    "id": "35796",
    "code": "96",
    "country": "CY",
    "region": "Mobile",
    "city": "",
    "e164": "35796",
    "notes": "Mobile network services"
  }
]