[
  {
    "id": "452",
    "code": "2",
    "country": "DK",
    "region": "Copenhagen / Zealand",
    "city": "Copenhagen / Zealand",
    "e164": "452",
    "notes": "The Capital Region. Tivoli, Little Mermaid, Noma."
  },
  {
    "id": "453",
    "code": "3",
    "country": "DK",
    "region": "Zealand / Islands",
    "city": "Zealand / Islands",
    "e164": "453",
    "notes": "Historic Viking towns like Roskilde."
  },
  {
    "id": "454",
    "code": "4",
    "country": "DK",
    "region": "Zealand / South",
    "city": "Zealand / South",
    "e164": "454",
    "notes": "Commuter belt and coastal towns."
  },
  {
    "id": "455",
    "code": "5",
    "country": "DK",
    "region": "Funen / Odense",
    "city": "Funen / Odense",
    "e164": "455",
    "notes": "Hans Christian Andersen's birthplace."
  },
  {
    "id": "456",
    "code": "6",
    "country": "DK",
    "region": "South Jutland",
    "city": "South Jutland",
    "e164": "456",
    "notes": "Border region with Germany. Lego HQ (Billund)."
  },
  {
    "id": "457",
    "code": "7",
    "country": "DK",
    "region": "West / Central Jutland",
    "city": "West / Central Jutland",
    "e164": "457",
    "notes": "Rugged west coast. Wind energy hub."
  },
  {
    "id": "458",
    "code": "8",
    "country": "DK",
    "region": "East Jutland / Aarhus",
    "city": "East Jutland / Aarhus",
    "e164": "458",
    "notes": "University city. 'City of Smiles'."
  },
  {
    "id": "459",
    "code": "9",
    "country": "DK",
    "region": "North Jutland / Aalborg",
    "city": "North Jutland / Aalborg",
    "e164": "459",
    "notes": "Top of Denmark. Skagen painters and dunes."
  },
  {
    "id": "4520",
    "code": "20",
    "country": "DK",
    "region": "Mobile",
    "city": "",
    "e164": "4520",
    "notes": "Mobile network services"
  },
  {
    "id": "4540",
    "code": "40",
    "country": "DK",
    "region": "Mobile",
    "city": "",
    "e164": "4540",
    "notes": "Mobile network services"
  },
  {
    "id": "4550",
    "code": "50",
    "country": "DK",
    "region": "Mobile",
    "city": "",
    "e164": "4550",
    "notes": "Mobile network services"
  },
  {
    "id": "4560",
    "code": "60",
    "country": "DK",
    "region": "Mobile",
    "city": "",
    "e164": "4560",
    "notes": "Mobile network services"
  }
]