[
  {
    "id": "331",
    "code": "1",
    "country": "FR",
    "region": "Paris",
    "city": "Boulogne-Billancourt",
    "e164": "331",
    "notes": "Primary Paris region code"
  },
  {
    "id": "332",
    "code": "2",
    "country": "FR",
    "region": "Lille",
    "city": "Rouen",
    "e164": "332",
    "notes": "Northern and Northwestern zone"
  },
  {
    "id": "333",
    "code": "3",
    "country": "FR",
    "region": "Strasbourg",
    "city": "Reims",
    "e164": "333",
    "notes": "Northeastern zone adjoining Germany and Belgium"
  },
  {
    "id": "334",
    "code": "4",
    "country": "FR",
    "region": "Lyon",
    "city": "Grenoble",
    "e164": "334",
    "notes": "Southeastern zone including Rhône valley and Alps"
  },
  {
    "id": "335",
    "code": "5",
    "country": "FR",
    "region": "Bordeaux",
    "city": "Toulouse",
    "e164": "335",
    "notes": "Southwestern zone spanning Atlantic to Pyrenees"
  },
  {
    "id": "336",
    "code": "6",
    "country": "FR",
    "region": "Nice",
    "city": "Cannes",
    "e164": "336",
    "notes": "Mobile numbers legacy block"
  },
  {
    "id": "337",
    "code": "7",
    "country": "FR",
    "region": "Marseille",
    "city": "Montpellier",
    "e164": "337",
    "notes": "Second mobile number block"
  },
  {
    "id": "338",
    "code": "8",
    "country": "FR",
    "region": "Nancy",
    "city": "Metz",
    "e164": "338",
    "notes": "Non-geographic services (toll-free and shared-cost ranges vary)"
  },
  {
    "id": "339",
    "code": "9",
    "country": "FR",
    "region": "Nantes",
    "city": "Rennes",
    "e164": "339",
    "notes": "VoIP and non-geographic allocations"
  }
]