[
  {
    "id": "1201",
    "code": "201",
    "country": "US",
    "region": "North Jersey",
    "city": "Jersey City",
    "e164": "1201",
    "notes": "The very first area code ever assigned (1947). Home to the Sopranos settings."
  },
  {
    "id": "1202",
    "code": "202",
    "country": "US",
    "region": "Washington D.C.",
    "city": "The entire District of Columbia",
    "e164": "1202",
    "notes": "Strictly the District. A status symbol for politicos and lobbyists."
  },
  {
    "id": "1203",
    "code": "203",
    "country": "US",
    "region": "Southwest Connecticut",
    "city": "Fairfield County",
    "e164": "1203",
    "notes": "The \"Gold Coast\" of Connecticut; hedge fund country close to NYC."
  },
  {
    "id": "1205",
    "code": "205",
    "country": "US",
    "region": "Birmingham",
    "city": "Birmingham",
    "e164": "1205",
    "notes": "Historically covered the entire state of Alabama."
  },
  {
    "id": "1206",
    "code": "206",
    "country": "US",
    "region": "Seattle",
    "city": "Seattle",
    "e164": "1206",
    "notes": "The original grunge-era code. Suburbs like Bellevue are 425."
  },
  {
    "id": "1207",
    "code": "207",
    "country": "US",
    "region": "Maine",
    "city": "Entire State",
    "e164": "1207",
    "notes": "One of the few remaining single-code states. \"The 207\" is a point of state pride."
  },
  {
    "id": "1208",
    "code": "208",
    "country": "US",
    "region": "Idaho",
    "city": "Entire State (historically)",
    "e164": "1208",
    "notes": "Idaho is famously protective of its \"208\" identity despite new overlays."
  },
  {
    "id": "1209",
    "code": "209",
    "country": "US",
    "region": "Central Valley",
    "city": "Stockton",
    "e164": "1209",
    "notes": "Agricultural hub; famously shouted out by the Diaz brothers (UFC fighters)."
  },
  {
    "id": "1210",
    "code": "210",
    "country": "US",
    "region": "San Antonio",
    "city": "Downtown",
    "e164": "1210",
    "notes": "The \"Military City\" code. One of the original Texas area codes."
  },
  {
    "id": "1212",
    "code": "212",
    "country": "US",
    "region": "Manhattan",
    "city": "Manhattan (Strictly)",
    "e164": "1212",
    "notes": "The \"Gold Standard\" of phone numbers. Indicates you have had a landline since the 90s."
  },
  {
    "id": "1213",
    "code": "213",
    "country": "US",
    "region": "Los Angeles (Downtown)",
    "city": "DTLA",
    "e164": "1213",
    "notes": "The original SoCal code (1947). Now mostly strictly Downtown LA."
  },
  {
    "id": "1214",
    "code": "214",
    "country": "US",
    "region": "Dallas (Core)",
    "city": "Downtown",
    "e164": "1214",
    "notes": "The original Dallas code. historically considered the \"prestige\" code vs. the suburban 972."
  },
  {
    "id": "1215",
    "code": "215",
    "country": "US",
    "region": "Philadelphia",
    "city": "Center City",
    "e164": "1215",
    "notes": "The original Philly code. \"The 215\" vs the suburban \"610\"."
  },
  {
    "id": "1216",
    "code": "216",
    "country": "US",
    "region": "Cleveland",
    "city": "Cleveland proper",
    "e164": "1216",
    "notes": "Famous from \"The Drew Carey Show\" and Bone Thugs-N-Harmony songs."
  },
  {
    "id": "1217",
    "code": "217",
    "country": "US",
    "region": "Central Illinois",
    "city": "Springfield",
    "e164": "1217",
    "notes": "Home to the State Capitol and University of Illinois."
  },
  {
    "id": "1219",
    "code": "219",
    "country": "US",
    "region": "Northwest Indiana",
    "city": "Gary",
    "e164": "1219",
    "notes": "Culturally part of the Chicago metro area (suburbs) but in Indiana."
  },
  {
    "id": "1225",
    "code": "225",
    "country": "US",
    "region": "Baton Rouge",
    "city": "Baton Rouge",
    "e164": "1225",
    "notes": "spells \"CAJ\" on the dial pad."
  },
  {
    "id": "1228",
    "code": "228",
    "country": "US",
    "region": "Gulf Coast",
    "city": "Biloxi",
    "e164": "1228",
    "notes": "The \"Coastal Mississippi\" code; casino country."
  },
  {
    "id": "1229",
    "code": "229",
    "country": "US",
    "region": "Southwest Georgia",
    "city": "Albany / Valdosta",
    "e164": "1229",
    "notes": "GA (Jimmy Carter's home)."
  },
  {
    "id": "1239",
    "code": "239",
    "country": "US",
    "region": "Southwest Florida",
    "city": "Naples",
    "e164": "1239",
    "notes": "Covers the \"Paradise Coast.\""
  },
  {
    "id": "1248",
    "code": "248",
    "country": "US",
    "region": "Detroit Suburbs",
    "city": "Oakland County",
    "e164": "1248",
    "notes": "(Troy  Birmingham). The \"Wealthy\" Detroit code vs the city's 313."
  },
  {
    "id": "1251",
    "code": "251",
    "country": "US",
    "region": "Mobile / Gulf Coast",
    "city": "Mobile Bay",
    "e164": "1251",
    "notes": "Known as the birthplace of the original Mardi Gras."
  },
  {
    "id": "1252",
    "code": "252",
    "country": "US",
    "region": "Outer Banks",
    "city": "Rocky Mount / ECU / The Coast",
    "e164": "1252",
    "notes": "The \"OBX\" code. Popular vacation spot."
  },
  {
    "id": "1253",
    "code": "253",
    "country": "US",
    "region": "Tacoma",
    "city": "",
    "e164": "1253",
    "notes": "South of Seattle. distinct blue-collar identity from 206."
  },
  {
    "id": "1254",
    "code": "254",
    "country": "US",
    "region": "Central Texas",
    "city": "Waco",
    "e164": "1254",
    "notes": "Known for the Magnolia Market (Chip & Joanna Gaines) and military history."
  },
  {
    "id": "1256",
    "code": "256",
    "country": "US",
    "region": "North Alabama",
    "city": "Huntsville",
    "e164": "1256",
    "notes": "Known as \"Rocket City\" (NASA Marshall Space Flight Center)."
  },
  {
    "id": "1260",
    "code": "260",
    "country": "US",
    "region": "Fort Wayne",
    "city": "Northeast Indiana.",
    "e164": "1260",
    "notes": ""
  },
  {
    "id": "1262",
    "code": "262",
    "country": "US",
    "region": "Milwaukee Suburbs",
    "city": "Waukesha",
    "e164": "1262",
    "notes": "The conservative suburban ring around Milwaukee (414)."
  },
  {
    "id": "1269",
    "code": "269",
    "country": "US",
    "region": "Kalamazoo",
    "city": "Southwest Michigan",
    "e164": "1269",
    "notes": "Home to Western Michigan University."
  },
  {
    "id": "1270",
    "code": "270",
    "country": "US",
    "region": "Western Kentucky",
    "city": "Paducah / Bowling Green",
    "e164": "1270",
    "notes": "Home to the National Corvette Museum."
  },
  {
    "id": "1276",
    "code": "276",
    "country": "US",
    "region": "Southwest Virginia",
    "city": "Bristol",
    "e164": "1276",
    "notes": "The birthplace of Country Music (Bristol Motor Speedway area)."
  },
  {
    "id": "1279",
    "code": "279",
    "country": "US",
    "region": "Sacramento",
    "city": "Overlay for 916",
    "e164": "1279",
    "notes": "Newer overlay for the State Capital."
  },
  {
    "id": "1281",
    "code": "281",
    "country": "US",
    "region": "Houston (Suburbs)",
    "city": "Katy",
    "e164": "1281",
    "notes": "Historically the suburban ring outside the \"610 Loop.\" Now overlays the whole city."
  },
  {
    "id": "1301",
    "code": "301",
    "country": "US",
    "region": "Maryland (DC Suburbs)",
    "city": "Bethesda",
    "e164": "1301",
    "notes": "Historically the whole state; now implies the wealthy DC suburbs."
  },
  {
    "id": "1302",
    "code": "302",
    "country": "US",
    "region": "Delaware",
    "city": "Entire State",
    "e164": "1302",
    "notes": ""
  },
  {
    "id": "1303",
    "code": "303",
    "country": "US",
    "region": "Denver",
    "city": "Denver",
    "e164": "1303",
    "notes": "The original Colorado code. 720 is the overlay  but 303 is the \"native\" badge."
  },
  {
    "id": "1304",
    "code": "304",
    "country": "US",
    "region": "West Virginia",
    "city": "Entire State",
    "e164": "1304",
    "notes": "Traditionally covered the whole state (now has overlay 681)."
  },
  {
    "id": "1305",
    "code": "305",
    "country": "US",
    "region": "Miami",
    "city": "South Beach",
    "e164": "1305",
    "notes": "The ultimate \"212\" of Florida. \"The 305\" is a cultural brand made famous by Pitbull."
  },
  {
    "id": "1307",
    "code": "307",
    "country": "US",
    "region": "Wyoming",
    "city": "Entire State",
    "e164": "1307",
    "notes": "**The Big Miss!** Includes Yellowstone and Jackson Hole."
  },
  {
    "id": "1308",
    "code": "308",
    "country": "US",
    "region": "Western Nebraska",
    "city": "Grand Island / Kearney",
    "e164": "1308",
    "notes": "The rural western half of the state (Cornhusker country)."
  },
  {
    "id": "1309",
    "code": "309",
    "country": "US",
    "region": "Central Illinois",
    "city": "Peoria / Bloomington",
    "e164": "1309",
    "notes": "Home to Caterpillar HQ history."
  },
  {
    "id": "1310",
    "code": "310",
    "country": "US",
    "region": "Los Angeles (Westside)",
    "city": "Beverly Hills",
    "e164": "1310",
    "notes": "The \"Prestige\" LA code. Implies wealth and beach proximity."
  },
  {
    "id": "1312",
    "code": "312",
    "country": "US",
    "region": "Chicago (The Loop)",
    "city": "Downtown Chicago",
    "e164": "1312",
    "notes": "Strictly the business/downtown district. The \"212\" of the Midwest."
  },
  {
    "id": "1313",
    "code": "313",
    "country": "US",
    "region": "Detroit",
    "city": "",
    "e164": "1313",
    "notes": "Eminem made this famous in the movie *8 Mile*. strictly \"The D.\""
  },
  {
    "id": "1314",
    "code": "314",
    "country": "US",
    "region": "St. Louis",
    "city": "",
    "e164": "1314",
    "notes": "Nelly made this famous with his song \"Ei (Remix)\" shouting out the 314."
  },
  {
    "id": "1315",
    "code": "315",
    "country": "US",
    "region": "Central NY",
    "city": "Syracuse",
    "e164": "1315",
    "notes": "Home to the Snow Belt and Syracuse University."
  },
  {
    "id": "1316",
    "code": "316",
    "country": "US",
    "region": "Wichita",
    "city": "Wichita metro",
    "e164": "1316",
    "notes": "Historically covered all of southern Kansas."
  },
  {
    "id": "1317",
    "code": "317",
    "country": "US",
    "region": "Indianapolis",
    "city": "Indianapolis metro",
    "e164": "1317",
    "notes": "known as the \"Indy\" code."
  },
  {
    "id": "1318",
    "code": "318",
    "country": "US",
    "region": "North Louisiana",
    "city": "Shreveport / Monroe",
    "e164": "1318",
    "notes": "Distinct culture from the Cajun south (337/504)."
  },
  {
    "id": "1319",
    "code": "319",
    "country": "US",
    "region": "Eastern Iowa",
    "city": "Iowa City",
    "e164": "1319",
    "notes": "Home to the University of Iowa."
  },
  {
    "id": "1320",
    "code": "320",
    "country": "US",
    "region": "Central Minnesota",
    "city": "St. Cloud",
    "e164": "1320",
    "notes": ""
  },
  {
    "id": "1321",
    "code": "321",
    "country": "US",
    "region": "Space Coast / Orlando",
    "city": "Cape Canaveral",
    "e164": "1321",
    "notes": "The only area code that is a countdown (3-2-1) in honor of rocket launches at NASA."
  },
  {
    "id": "1323",
    "code": "323",
    "country": "US",
    "region": "Los Angeles (Central)",
    "city": "Hollywood",
    "e164": "1323",
    "notes": "Historically the \"Cool/Hipster\" code surrounding Downtown."
  },
  {
    "id": "1325",
    "code": "325",
    "country": "US",
    "region": "West Central Texas",
    "city": "Abilene",
    "e164": "1325",
    "notes": "Covers a massive rural area of ranching country."
  },
  {
    "id": "1329",
    "code": "329",
    "country": "US",
    "region": "Hudson Valley",
    "city": "Overlay for 845",
    "e164": "1329",
    "notes": "A very new overlay code for the Poughkeepsie area."
  },
  {
    "id": "1330",
    "code": "330",
    "country": "US",
    "region": "Akron / Canton",
    "city": "LeBron James' home region.",
    "e164": "1330",
    "notes": ""
  },
  {
    "id": "1331",
    "code": "331",
    "country": "US",
    "region": "Chicago Suburbs",
    "city": "Overlay for 630 (West Suburbs).",
    "e164": "1331",
    "notes": ""
  },
  {
    "id": "1332",
    "code": "332",
    "country": "US",
    "region": "Manhattan",
    "city": "Manhattan Overlay",
    "e164": "1332",
    "notes": "The newest code for Manhattan. Lacks the status of 212 or 646."
  },
  {
    "id": "1334",
    "code": "334",
    "country": "US",
    "region": "Montgomery",
    "city": "Montgomery",
    "e164": "1334",
    "notes": "Civil Rights history hub."
  },
  {
    "id": "1336",
    "code": "336",
    "country": "US",
    "region": "Piedmont Triad",
    "city": "Greensboro",
    "e164": "1336",
    "notes": "Tobacco and furniture country."
  },
  {
    "id": "1337",
    "code": "337",
    "country": "US",
    "region": "Lafayette",
    "city": "Southwest Louisiana",
    "e164": "1337",
    "notes": "The heart of \"Cajun Country\" (Acadiana)."
  },
  {
    "id": "1341",
    "code": "341",
    "country": "US",
    "region": "East Bay",
    "city": "Overlay for 510",
    "e164": "1341",
    "notes": "Newer overlay for Oakland/Berkeley."
  },
  {
    "id": "1346",
    "code": "346",
    "country": "US",
    "region": "Houston Metro",
    "city": "Overlay for 713/281/832",
    "e164": "1346",
    "notes": "Newer overlay code; lacks the specific geographic identity of 713 or 281."
  },
  {
    "id": "1347",
    "code": "347",
    "country": "US",
    "region": "NYC Outer Boroughs",
    "city": "Bronx",
    "e164": "1347",
    "notes": "The \"Millennial\" NYC code. Common for cell phones issued post-2000."
  },
  {
    "id": "1350",
    "code": "350",
    "country": "US",
    "region": "Central Valley",
    "city": "Overlay for 209",
    "e164": "1350",
    "notes": "Newer overlay for Stockton/Modesto."
  },
  {
    "id": "1352",
    "code": "352",
    "country": "US",
    "region": "Gainesville / Ocala",
    "city": "University of Florida campus",
    "e164": "1352",
    "notes": "Known as the \"Nature Coast\" code."
  },
  {
    "id": "1360",
    "code": "360",
    "country": "US",
    "region": "Western Washington",
    "city": "Olympia",
    "e164": "1360",
    "notes": "Vancouver. Everything in West WA that isn't Seattle/Tacoma."
  },
  {
    "id": "1361",
    "code": "361",
    "country": "US",
    "region": "Corpus Christi",
    "city": "Padre Island",
    "e164": "1361",
    "notes": "The \"Coastal Bend\" code."
  },
  {
    "id": "1363",
    "code": "363",
    "country": "US",
    "region": "Long Island",
    "city": "Overlay for 516",
    "e164": "1363",
    "notes": "Newer overlay for Nassau County."
  },
  {
    "id": "1369",
    "code": "369",
    "country": "US",
    "region": "North Coast",
    "city": "Overlay for 707",
    "e164": "1369",
    "notes": "Future overlay for the Napa/Sonoma wine country area."
  },
  {
    "id": "1386",
    "code": "386",
    "country": "US",
    "region": "Daytona Beach",
    "city": "Daytona International Speedway",
    "e164": "1386",
    "notes": "Home of the Daytona 500."
  },
  {
    "id": "1401",
    "code": "401",
    "country": "US",
    "region": "Rhode Island",
    "city": "Entire State",
    "e164": "1401",
    "notes": "The smallest state has just one code."
  },
  {
    "id": "1402",
    "code": "402",
    "country": "US",
    "region": "Eastern Nebraska",
    "city": "Omaha",
    "e164": "1402",
    "notes": "Warren Buffett lives in the 402."
  },
  {
    "id": "1404",
    "code": "404",
    "country": "US",
    "region": "Atlanta (ITP)",
    "city": "Inside the Perimeter (I-285)",
    "e164": "1404",
    "notes": "The \"Real Atlanta\" code. Suburbanites have 770 or 678."
  },
  {
    "id": "1405",
    "code": "405",
    "country": "US",
    "region": "Oklahoma City",
    "city": "Oklahoma City metro",
    "e164": "1405",
    "notes": "University of Oklahoma territory."
  },
  {
    "id": "1406",
    "code": "406",
    "country": "US",
    "region": "Montana",
    "city": "Entire State",
    "e164": "1406",
    "notes": "The 406 is a lifestyle brand in Montana (Big Sky Country)."
  },
  {
    "id": "1407",
    "code": "407",
    "country": "US",
    "region": "Orlando (Core)",
    "city": "Downtown Orlando",
    "e164": "1407",
    "notes": "The primary Orlando code. Recognized globally due to Disney and tourism."
  },
  {
    "id": "1408",
    "code": "408",
    "country": "US",
    "region": "Silicon Valley",
    "city": "San Jose",
    "e164": "1408",
    "notes": "The code for Apple HQ. High-tech history."
  },
  {
    "id": "1409",
    "code": "409",
    "country": "US",
    "region": "Southeast Texas",
    "city": "Galveston Island",
    "e164": "1409",
    "notes": "Historically included Houston until 1983. Now mostly coastal/industrial."
  },
  {
    "id": "1410",
    "code": "410",
    "country": "US",
    "region": "Baltimore",
    "city": "Baltimore City",
    "e164": "1410",
    "notes": "Known for \"The Wire\" and crabcakes."
  },
  {
    "id": "1412",
    "code": "412",
    "country": "US",
    "region": "Pittsburgh",
    "city": "Pittsburgh",
    "e164": "1412",
    "notes": "One of the original 1947 codes."
  },
  {
    "id": "1413",
    "code": "413",
    "country": "US",
    "region": "Western Mass",
    "city": "The Berkshires",
    "e164": "1413",
    "notes": "Distinctly rural/academic vibe compared to Boston's 617."
  },
  {
    "id": "1414",
    "code": "414",
    "country": "US",
    "region": "Milwaukee",
    "city": "Milwaukee proper",
    "e164": "1414",
    "notes": "Old school brewing culture code."
  },
  {
    "id": "1415",
    "code": "415",
    "country": "US",
    "region": "San Francisco",
    "city": "San Francisco",
    "e164": "1415",
    "notes": "The tech prestige code. Startups crave a 415 number for legitimacy."
  },
  {
    "id": "1417",
    "code": "417",
    "country": "US",
    "region": "Southwest Missouri",
    "city": "Springfield / Branson",
    "e164": "1417",
    "notes": "The Ozarks / Bass Pro Shops HQ"
  },
  {
    "id": "1419",
    "code": "419",
    "country": "US",
    "region": "Northwest Ohio",
    "city": "Toledo",
    "e164": "1419",
    "notes": "Historically covered half of Ohio."
  },
  {
    "id": "1423",
    "code": "423",
    "country": "US",
    "region": "East Tennessee",
    "city": "Chattanooga / Johnson City",
    "e164": "1423",
    "notes": ""
  },
  {
    "id": "1424",
    "code": "424",
    "country": "US",
    "region": "Los Angeles (Westside)",
    "city": "Overlay for 310",
    "e164": "1424",
    "notes": "The code you get when you move to Santa Monica too late to get a 310."
  },
  {
    "id": "1425",
    "code": "425",
    "country": "US",
    "region": "Seattle Suburbs (Eastside)",
    "city": "Bellevue",
    "e164": "1425",
    "notes": "The \"Tech Suburb\" code (Microsoft HQ). Wealthier suburban vibe."
  },
  {
    "id": "1432",
    "code": "432",
    "country": "US",
    "region": "West Texas (Permian Basin)",
    "city": "Midland",
    "e164": "1432",
    "notes": "The heart of Texas oil country and \"Friday Night Lights.\""
  },
  {
    "id": "1435",
    "code": "435",
    "country": "US",
    "region": "Rural Utah",
    "city": "Park City / Moab / St. George",
    "e164": "1435",
    "notes": "Includes all the National Parks (Zion  Arches) and Ski Resorts."
  },
  {
    "id": "1440",
    "code": "440",
    "country": "US",
    "region": "Cleveland Suburbs",
    "city": "",
    "e164": "1440",
    "notes": "The \"Donut\" code surrounding Cleveland (216)."
  },
  {
    "id": "1442",
    "code": "442",
    "country": "US",
    "region": "San Diego North",
    "city": "Overlay for 760",
    "e164": "1442",
    "notes": "Covers the desert and northern San Diego county."
  },
  {
    "id": "1469",
    "code": "469",
    "country": "US",
    "region": "Dallas Metro",
    "city": "Overlay for 214/972",
    "e164": "1469",
    "notes": "Originally assigned to mobile phones and pagers in the late 90s."
  },
  {
    "id": "1470",
    "code": "470",
    "country": "US",
    "region": "Atlanta Metro",
    "city": "Newer overlay for 404/770.",
    "e164": "1470",
    "notes": ""
  },
  {
    "id": "1478",
    "code": "478",
    "country": "US",
    "region": "Middle Georgia",
    "city": "Macon / Warner Robins",
    "e164": "1478",
    "notes": "Home of the Allman Brothers Band history."
  },
  {
    "id": "1479",
    "code": "479",
    "country": "US",
    "region": "Northwest Arkansas",
    "city": "Fayetteville / Bentonville",
    "e164": "1479",
    "notes": "Home to Walmart HQ and the Arkansas Razorbacks."
  },
  {
    "id": "1480",
    "code": "480",
    "country": "US",
    "region": "Phoenix (East Valley)",
    "city": "Scottsdale",
    "e164": "1480",
    "notes": "Generally considered the \"wealthy/upscale\" part of the Phoenix metro."
  },
  {
    "id": "1501",
    "code": "501",
    "country": "US",
    "region": "Little Rock",
    "city": "Central Arkansas",
    "e164": "1501",
    "notes": "The \"Clinton\" code (governor's mansion area)."
  },
  {
    "id": "1502",
    "code": "502",
    "country": "US",
    "region": "Louisville",
    "city": "Louisville",
    "e164": "1502",
    "notes": "Home of the Kentucky Derby."
  },
  {
    "id": "1503",
    "code": "503",
    "country": "US",
    "region": "Portland",
    "city": "Portland",
    "e164": "1503",
    "notes": "The original Oregon code. \"Keep Portland Weird\" territory."
  },
  {
    "id": "1504",
    "code": "504",
    "country": "US",
    "region": "New Orleans",
    "city": "New Orleans",
    "e164": "1504",
    "notes": "Deep cultural significance; \"The 504 Boyz\" (rap group)."
  },
  {
    "id": "1505",
    "code": "505",
    "country": "US",
    "region": "Albuquerque",
    "city": "Albuquerque",
    "e164": "1505",
    "notes": "Historically the whole state. Breaking Bad territory."
  },
  {
    "id": "1506",
    "code": "506",
    "country": "US",
    "region": "New Brunswick (Canada)",
    "city": "Entire Province",
    "e164": "1506",
    "notes": "Often confused for a US code  but it's our neighbor to the north."
  },
  {
    "id": "1507",
    "code": "507",
    "country": "US",
    "region": "Southern MN",
    "city": "Rochester (Mayo Clinic)",
    "e164": "1507",
    "notes": ""
  },
  {
    "id": "1508",
    "code": "508",
    "country": "US",
    "region": "Massachusetts (Coast)",
    "city": "Cape Cod",
    "e164": "1508",
    "notes": "The \"Summer Vacation\" code for Bostonians."
  },
  {
    "id": "1509",
    "code": "509",
    "country": "US",
    "region": "Eastern Washington",
    "city": "Spokane",
    "e164": "1509",
    "notes": "The dry agricultural side of the state."
  },
  {
    "id": "1510",
    "code": "510",
    "country": "US",
    "region": "East Bay",
    "city": "Oakland",
    "e164": "1510",
    "notes": "Historically the counter-culture/activist counterpart to SF's 415."
  },
  {
    "id": "1512",
    "code": "512",
    "country": "US",
    "region": "Austin (Core)",
    "city": "Downtown",
    "e164": "1512",
    "notes": "The original Austin code. Extremely coveted as the city became a tech hub."
  },
  {
    "id": "1513",
    "code": "513",
    "country": "US",
    "region": "Cincinnati",
    "city": "Cincinnati",
    "e164": "1513",
    "notes": "Original code; distinct identity from Cleveland/Columbus."
  },
  {
    "id": "1515",
    "code": "515",
    "country": "US",
    "region": "Des Moines",
    "city": "Central Iowa",
    "e164": "1515",
    "notes": "Political hub due to the Iowa Caucuses."
  },
  {
    "id": "1516",
    "code": "516",
    "country": "US",
    "region": "Long Island (Nassau)",
    "city": "Great Neck",
    "e164": "1516",
    "notes": "The \"Great Gatsby\" code. Wealthy suburbs directly bordering Queens."
  },
  {
    "id": "1517",
    "code": "517",
    "country": "US",
    "region": "Lansing",
    "city": "State Capital and Michigan State University (Spartans).",
    "e164": "1517",
    "notes": ""
  },
  {
    "id": "1518",
    "code": "518",
    "country": "US",
    "region": "Upstate NY",
    "city": "Albany",
    "e164": "1518",
    "notes": "Home to the State Capital and massive state parks."
  },
  {
    "id": "1520",
    "code": "520",
    "country": "US",
    "region": "Tucson",
    "city": "Tucson",
    "e164": "1520",
    "notes": "Home of the University of Arizona."
  },
  {
    "id": "1530",
    "code": "530",
    "country": "US",
    "region": "Northern California",
    "city": "Chico",
    "e164": "1530",
    "notes": "Lake Tahoe. The outdoor adventure hub."
  },
  {
    "id": "1531",
    "code": "531",
    "country": "US",
    "region": "Eastern Nebraska",
    "city": "Overlay for 402",
    "e164": "1531",
    "notes": "Newer overlay for Omaha."
  },
  {
    "id": "1540",
    "code": "540",
    "country": "US",
    "region": "Roanoke / Blacksburg",
    "city": "Virginia Tech area and Shenandoah Valley.",
    "e164": "1540",
    "notes": ""
  },
  {
    "id": "1541",
    "code": "541",
    "country": "US",
    "region": "Eugene / Bend",
    "city": "University of Oregon (Nike birthplace) and high desert.",
    "e164": "1541",
    "notes": ""
  },
  {
    "id": "1544",
    "code": "544",
    "country": "US",
    "region": "Central Texas",
    "city": "Overlay for 254",
    "e164": "1544",
    "notes": ""
  },
  {
    "id": "1559",
    "code": "559",
    "country": "US",
    "region": "Central Valley (South)",
    "city": "Fresno",
    "e164": "1559",
    "notes": "The Raisin Capital of the world and gateway to Yosemite."
  },
  {
    "id": "1561",
    "code": "561",
    "country": "US",
    "region": "Palm Beach County",
    "city": "Palm Beach Island",
    "e164": "1561",
    "notes": "Wealthy coastal enclave; the \"Gold Coast\" of Florida."
  },
  {
    "id": "1562",
    "code": "562",
    "country": "US",
    "region": "Long Beach",
    "city": "Long Beach",
    "e164": "1562",
    "notes": "Famous in 90s rap (Snoop Dogg/Sublime). Culturally distinct from LA proper."
  },
  {
    "id": "1563",
    "code": "563",
    "country": "US",
    "region": "Eastern Iowa",
    "city": "Davenport / Quad Cities",
    "e164": "1563",
    "notes": "Border region along the Mississippi River."
  },
  {
    "id": "1570",
    "code": "570",
    "country": "US",
    "region": "Scranton / Wilkes-Barre",
    "city": "Northeast PA. Famous as the setting for *The Office*.",
    "e164": "1570",
    "notes": ""
  },
  {
    "id": "1571",
    "code": "571",
    "country": "US",
    "region": "Northern Virginia",
    "city": "Overlay for 703 (DC Suburbs).",
    "e164": "1571",
    "notes": ""
  },
  {
    "id": "1573",
    "code": "573",
    "country": "US",
    "region": "Columbia / Jefferson City",
    "city": "Mizzou and the Ozarks.",
    "e164": "1573",
    "notes": ""
  },
  {
    "id": "1574",
    "code": "574",
    "country": "US",
    "region": "North Central Indiana",
    "city": "South Bend",
    "e164": "1574",
    "notes": "Home of the University of Notre Dame."
  },
  {
    "id": "1575",
    "code": "575",
    "country": "US",
    "region": "Rural New Mexico",
    "city": "Taos / Roswell / Las Cruces",
    "e164": "1575",
    "notes": "Covers the UFO crash site (Roswell) and White Sands."
  },
  {
    "id": "1580",
    "code": "580",
    "country": "US",
    "region": "Rural Oklahoma",
    "city": "Enid / Lawton",
    "e164": "1580",
    "notes": "The vast majority of Oklahoma's land area."
  },
  {
    "id": "1585",
    "code": "585",
    "country": "US",
    "region": "Western NY",
    "city": "Rochester",
    "e164": "1585",
    "notes": "Home of Kodak and the \"Garbage Plate.\""
  },
  {
    "id": "1601",
    "code": "601",
    "country": "US",
    "region": "Mississippi",
    "city": "Jackson",
    "e164": "1601",
    "notes": "Historically the whole state."
  },
  {
    "id": "1602",
    "code": "602",
    "country": "US",
    "region": "Phoenix (Core)",
    "city": "Central Phoenix",
    "e164": "1602",
    "notes": "One of the original codes; formerly covered the whole state."
  },
  {
    "id": "1603",
    "code": "603",
    "country": "US",
    "region": "New Hampshire",
    "city": "Entire State",
    "e164": "1603",
    "notes": "Live Free or Die code."
  },
  {
    "id": "1605",
    "code": "605",
    "country": "US",
    "region": "South Dakota",
    "city": "Entire State",
    "e164": "1605",
    "notes": "Includes Mt. Rushmore and Sturgis."
  },
  {
    "id": "1606",
    "code": "606",
    "country": "US",
    "region": "Eastern Kentucky",
    "city": "Appalachian coal country.",
    "e164": "1606",
    "notes": ""
  },
  {
    "id": "1607",
    "code": "607",
    "country": "US",
    "region": "Southern Tier",
    "city": "Binghamton",
    "e164": "1607",
    "notes": "Home to Cornell University. Rural and academic vibes."
  },
  {
    "id": "1608",
    "code": "608",
    "country": "US",
    "region": "Madison",
    "city": "Madison / Wisconsin Dells",
    "e164": "1608",
    "notes": "University of Wisconsin (Badgers). A major college town code."
  },
  {
    "id": "1609",
    "code": "609",
    "country": "US",
    "region": "South Jersey",
    "city": "Trenton",
    "e164": "1609",
    "notes": "Culturally Philadelphia-aligned (Eagles fans) vs. 201's Giants fans."
  },
  {
    "id": "1610",
    "code": "610",
    "country": "US",
    "region": "Philadelphia Suburbs",
    "city": "The Main Line",
    "e164": "1610",
    "notes": "One of the wealthiest suburban corridors in the US."
  },
  {
    "id": "1612",
    "code": "612",
    "country": "US",
    "region": "Minneapolis",
    "city": "Minneapolis proper",
    "e164": "1612",
    "notes": "Prince was from the 612."
  },
  {
    "id": "1614",
    "code": "614",
    "country": "US",
    "region": "Columbus",
    "city": "Columbus proper",
    "e164": "1614",
    "notes": "The political and educational center of Ohio."
  },
  {
    "id": "1615",
    "code": "615",
    "country": "US",
    "region": "Nashville",
    "city": "Nashville proper",
    "e164": "1615",
    "notes": "The \"Music City\" code. Highly coveted by aspiring country stars."
  },
  {
    "id": "1616",
    "code": "616",
    "country": "US",
    "region": "Grand Rapids",
    "city": "Western Michigan.",
    "e164": "1616",
    "notes": ""
  },
  {
    "id": "1617",
    "code": "617",
    "country": "US",
    "region": "Boston",
    "city": "Downtown",
    "e164": "1617",
    "notes": "The \"Smartest\" area code (Harvard/MIT). Original 1947 code."
  },
  {
    "id": "1618",
    "code": "618",
    "country": "US",
    "region": "Southern Illinois",
    "city": "Carbondale",
    "e164": "1618",
    "notes": "Culturally distinct from Chicago; closer to St. Louis/Kentucky."
  },
  {
    "id": "1619",
    "code": "619",
    "country": "US",
    "region": "San Diego (Core)",
    "city": "Downtown SD",
    "e164": "1619",
    "notes": "The \"Top Gun\" code. The original San Diego identifier."
  },
  {
    "id": "1620",
    "code": "620",
    "country": "US",
    "region": "Southern Kansas",
    "city": "Dodge City / Hutchinson",
    "e164": "1620",
    "notes": "Wild West history (\"Get out of Dodge\")."
  },
  {
    "id": "1623",
    "code": "623",
    "country": "US",
    "region": "West Phoenix",
    "city": "Glendale / Peoria",
    "e164": "1623",
    "notes": "Home to the Arizona Cardinals stadium."
  },
  {
    "id": "1626",
    "code": "626",
    "country": "US",
    "region": "Pasadena",
    "city": "San Gabriel Valley. Home of the Rose Bowl.",
    "e164": "1626",
    "notes": ""
  },
  {
    "id": "1628",
    "code": "628",
    "country": "US",
    "region": "San Francisco",
    "city": "Overlay for 415",
    "e164": "1628",
    "notes": "The new code for SF. Locals will know you are a recent transplant."
  },
  {
    "id": "1630",
    "code": "630",
    "country": "US",
    "region": "Chicago West Suburbs",
    "city": "Naperville",
    "e164": "1630",
    "notes": "Aurora. The \"Tech Corridor\" of Illinois."
  },
  {
    "id": "1631",
    "code": "631",
    "country": "US",
    "region": "Long Island (Suffolk)",
    "city": "The Hamptons",
    "e164": "1631",
    "notes": "The \"Summer Vacation\" code for wealthy Manhattanites."
  },
  {
    "id": "1641",
    "code": "641",
    "country": "US",
    "region": "Central Iowa",
    "city": "Mason City",
    "e164": "1641",
    "notes": "Famous for being the area code of \"Free Conference Call\" numbers."
  },
  {
    "id": "1646",
    "code": "646",
    "country": "US",
    "region": "Manhattan",
    "city": "Manhattan Overlay",
    "e164": "1646",
    "notes": "Introduced in the late 90s. Respectable  but not 212."
  },
  {
    "id": "1650",
    "code": "650",
    "country": "US",
    "region": "The Peninsula",
    "city": "Palo Alto",
    "e164": "1650",
    "notes": "The Venture Capital / Facebook HQ code."
  },
  {
    "id": "1651",
    "code": "651",
    "country": "US",
    "region": "St. Paul",
    "city": "St. Paul (The Twin Cities)",
    "e164": "1651",
    "notes": "The \"Twin\" to Minneapolis (612). You had 612 but missed 651."
  },
  {
    "id": "1657",
    "code": "657",
    "country": "US",
    "region": "Orange County (North)",
    "city": "Overlay for 714",
    "e164": "1657",
    "notes": "Newer overlay for Anaheim/Santa Ana."
  },
  {
    "id": "1660",
    "code": "660",
    "country": "US",
    "region": "North Missouri",
    "city": "Kirksville / Maryville",
    "e164": "1660",
    "notes": ""
  },
  {
    "id": "1661",
    "code": "661",
    "country": "US",
    "region": "Kern County",
    "city": "Bakersfield",
    "e164": "1661",
    "notes": "Home to the \"Bakersfield Sound\" (Country Music) and Magic Mountain."
  },
  {
    "id": "1662",
    "code": "662",
    "country": "US",
    "region": "North Mississippi",
    "city": "Oxford / Tupelo",
    "e164": "1662",
    "notes": "Home to Ole Miss and Elvis Presley's birthplace."
  },
  {
    "id": "1669",
    "code": "669",
    "country": "US",
    "region": "Silicon Valley",
    "city": "Overlay for 408",
    "e164": "1669",
    "notes": "Newer overlay for San Jose."
  },
  {
    "id": "1678",
    "code": "678",
    "country": "US",
    "region": "Atlanta Metro",
    "city": "The first major overlay for Atlanta. Ubiquitous in the metro area.",
    "e164": "1678",
    "notes": ""
  },
  {
    "id": "1680",
    "code": "680",
    "country": "US",
    "region": "Central NY",
    "city": "Overlay for 315",
    "e164": "1680",
    "notes": "Newer overlay for Syracuse."
  },
  {
    "id": "1682",
    "code": "682",
    "country": "US",
    "region": "Fort Worth Metro",
    "city": "Overlay for 817",
    "e164": "1682",
    "notes": "Newer overlay for the Fort Worth side of the Metroplex."
  },
  {
    "id": "1701",
    "code": "701",
    "country": "US",
    "region": "North Dakota",
    "city": "Entire State",
    "e164": "1701",
    "notes": ""
  },
  {
    "id": "1702",
    "code": "702",
    "country": "US",
    "region": "Las Vegas",
    "city": "The Strip",
    "e164": "1702",
    "notes": "Synonymous with Sin City."
  },
  {
    "id": "1703",
    "code": "703",
    "country": "US",
    "region": "Northern Virginia",
    "city": "Arlington",
    "e164": "1703",
    "notes": "The Pentagon/CIA code. High income DC Suburb"
  },
  {
    "id": "1704",
    "code": "704",
    "country": "US",
    "region": "Charlotte",
    "city": "Uptown Charlotte",
    "e164": "1704",
    "notes": ""
  },
  {
    "id": "1706",
    "code": "706",
    "country": "US",
    "region": "Athens / Augusta",
    "city": "University of Georgia (Bulldogs) and The Masters golf tournament.",
    "e164": "1706",
    "notes": ""
  },
  {
    "id": "1707",
    "code": "707",
    "country": "US",
    "region": "North Coast",
    "city": "Napa",
    "e164": "1707",
    "notes": "Known for Wine Country and the \"Emerald Triangle\" (cannabis culture)."
  },
  {
    "id": "1712",
    "code": "712",
    "country": "US",
    "region": "Western Iowa",
    "city": "Sioux City / Council Bluffs",
    "e164": "1712",
    "notes": "First caucus voters in the nation."
  },
  {
    "id": "1713",
    "code": "713",
    "country": "US",
    "region": "Houston (Core)",
    "city": "River Oaks",
    "e164": "1713",
    "notes": "The \"Inside the Loop\" code. Historically defined as strictly inside Interstate 610."
  },
  {
    "id": "1714",
    "code": "714",
    "country": "US",
    "region": "Orange County (North)",
    "city": "Anaheim",
    "e164": "1714",
    "notes": "Home to Disneyland and \"No Doubt\" (Gwen Stefani)."
  },
  {
    "id": "1715",
    "code": "715",
    "country": "US",
    "region": "Northern Wisconsin",
    "city": "Eau Claire / Wausau",
    "e164": "1715",
    "notes": "The \"Northwoods.\" Cabins lakes, and snowmobiles."
  },
  {
    "id": "1716",
    "code": "716",
    "country": "US",
    "region": "Western NY",
    "city": "Buffalo",
    "e164": "1716",
    "notes": "Home of the \"Bills Mafia\" and original Buffalo wings."
  },
  {
    "id": "1717",
    "code": "717",
    "country": "US",
    "region": "Harrisburg / Lancaster",
    "city": "Amish Country and the State Capital.",
    "e164": "1717",
    "notes": ""
  },
  {
    "id": "1718",
    "code": "718",
    "country": "US",
    "region": "NYC Outer Boroughs",
    "city": "Brooklyn / Bronx / Queens / Staten Island",
    "e164": "1718",
    "notes": "The \"Real New Yorker\" code for many. Not 212  but culturally massive (Biggie/Jay-Z)."
  },
  {
    "id": "1719",
    "code": "719",
    "country": "US",
    "region": "Southern Colorado",
    "city": "Colorado Springs / Pueblo",
    "e164": "1719",
    "notes": "Home to the US Air Force Academy and Pikes Peak."
  },
  {
    "id": "1720",
    "code": "720",
    "country": "US",
    "region": "Denver Metro",
    "city": "Overlay for 303.",
    "e164": "1720",
    "notes": ""
  },
  {
    "id": "1724",
    "code": "724",
    "country": "US",
    "region": "Pittsburgh Suburbs",
    "city": "Outer ring of Pittsburgh",
    "e164": "1724",
    "notes": "Historically distinct from the city (412)."
  },
  {
    "id": "1727",
    "code": "727",
    "country": "US",
    "region": "Pinellas County",
    "city": "St. Petersburg",
    "e164": "1727",
    "notes": "Separated from Tampa's 813 in 1998. Home to some of the top beaches in the US."
  },
  {
    "id": "1731",
    "code": "731",
    "country": "US",
    "region": "West Tennessee",
    "city": "Jackson",
    "e164": "1731",
    "notes": "Rural area between Nashville and Memphis."
  },
  {
    "id": "1732",
    "code": "732",
    "country": "US",
    "region": "Jersey Shore",
    "city": "Asbury Park",
    "e164": "1732",
    "notes": "The \"Jersey Shore\" MTV reality show area."
  },
  {
    "id": "1734",
    "code": "734",
    "country": "US",
    "region": "Ann Arbor",
    "city": "Ann Arbor / Ypsilanti",
    "e164": "1734",
    "notes": "Home to the University of Michigan (Wolverines)."
  },
  {
    "id": "1737",
    "code": "737",
    "country": "US",
    "region": "Austin Metro",
    "city": "Overlay for 512",
    "e164": "1737",
    "notes": "The newer code you get when you move to Austin now; lacks the \"old Austin\" status of 512."
  },
  {
    "id": "1738",
    "code": "738",
    "country": "US",
    "region": "Los Angeles",
    "city": "Overlay for 213/323",
    "e164": "1738",
    "notes": "A very new overlay for the downtown/Hollywood area."
  },
  {
    "id": "1740",
    "code": "740",
    "country": "US",
    "region": "Southeast Ohio",
    "city": "Athens / Appalachia Ohio",
    "e164": "1740",
    "notes": "Ohio University territory."
  },
  {
    "id": "1747",
    "code": "747",
    "country": "US",
    "region": "San Fernando Valley",
    "city": "Overlay for 818",
    "e164": "1747",
    "notes": "Newer overlay for \"The Valley.\""
  },
  {
    "id": "1754",
    "code": "754",
    "country": "US",
    "region": "Broward County",
    "city": "Overlay for 954",
    "e164": "1754",
    "notes": "Newer overlay for Fort Lauderdale."
  },
  {
    "id": "1757",
    "code": "757",
    "country": "US",
    "region": "Hampton Roads",
    "city": "Virginia Beach",
    "e164": "1757",
    "notes": "Huge military presence (Navy). Missy Elliott/Pharrell represent \"The 757\"."
  },
  {
    "id": "1760",
    "code": "760",
    "country": "US",
    "region": "SoCal Desert",
    "city": "Palm Springs",
    "e164": "1760",
    "notes": "Home to the Coachella Music Festival."
  },
  {
    "id": "1765",
    "code": "765",
    "country": "US",
    "region": "Central Indiana",
    "city": "Lafayette / Muncie",
    "e164": "1765",
    "notes": "Purdue University (Boilermakers)."
  },
  {
    "id": "1770",
    "code": "770",
    "country": "US",
    "region": "Atlanta Suburbs",
    "city": "Marietta",
    "e164": "1770",
    "notes": "The Burbs of Atlanta."
  },
  {
    "id": "1772",
    "code": "772",
    "country": "US",
    "region": "Treasure Coast",
    "city": "Port St. Lucie",
    "e164": "1772",
    "notes": "Named after the Spanish Treasure Fleet lost off the coast in 1715."
  },
  {
    "id": "1773",
    "code": "773",
    "country": "US",
    "region": "Chicago (Neighborhoods)",
    "city": "Lincoln Park",
    "e164": "1773",
    "notes": "Covers everything in Chicago that isn't the downtown Loop."
  },
  {
    "id": "1775",
    "code": "775",
    "country": "US",
    "region": "Northern Nevada",
    "city": "Reno / Carson City / Black Rock Desert",
    "e164": "1775",
    "notes": "Home to Burning Man and Lake Tahoe (NV side)."
  },
  {
    "id": "1781",
    "code": "781",
    "country": "US",
    "region": "Boston Suburbs",
    "city": "Route 128 tech corridor.",
    "e164": "1781",
    "notes": ""
  },
  {
    "id": "1785",
    "code": "785",
    "country": "US",
    "region": "Northern Kansas",
    "city": "Topeka / Lawrence",
    "e164": "1785",
    "notes": "University of Kansas (Jayhawks)."
  },
  {
    "id": "1786",
    "code": "786",
    "country": "US",
    "region": "Miami Metro",
    "city": "Overlay for 305",
    "e164": "1786",
    "notes": "Often associated with newer residents or cell phones. \"305\" is the badge of honor."
  },
  {
    "id": "1787",
    "code": "787",
    "country": "US",
    "region": "Puerto Rico",
    "city": "Entire Island",
    "e164": "1787",
    "notes": "Included in US dialing plans. \"The 787\" is a cultural badge for Boricuas."
  },
  {
    "id": "1801",
    "code": "801",
    "country": "US",
    "region": "Salt Lake City",
    "city": "SLC Metro",
    "e164": "1801",
    "notes": "The \"Mormon Corridor\" code."
  },
  {
    "id": "1802",
    "code": "802",
    "country": "US",
    "region": "Vermont",
    "city": "Entire State",
    "e164": "1802",
    "notes": "Famous for maple syrup, skiing and fall folliage."
  },
  {
    "id": "1803",
    "code": "803",
    "country": "US",
    "region": "Columbia",
    "city": "",
    "e164": "1803",
    "notes": "State Capital of South Carolina."
  },
  {
    "id": "1805",
    "code": "805",
    "country": "US",
    "region": "Central Coast",
    "city": "Santa Barbara",
    "e164": "1805",
    "notes": "The \"American Riviera.\" Oprah and Prince Harry live here."
  },
  {
    "id": "1806",
    "code": "806",
    "country": "US",
    "region": "Texas Panhandle",
    "city": "Lubbock (Texas Tech)",
    "e164": "1806",
    "notes": "Buddy Holly's hometown code."
  },
  {
    "id": "1808",
    "code": "808",
    "country": "US",
    "region": "Hawaii",
    "city": "Entire State",
    "e164": "1808",
    "notes": "Culturally refers to locals. \"808s\" is also slang for drum machines (Kanye West album)."
  },
  {
    "id": "1810",
    "code": "810",
    "country": "US",
    "region": "Flint",
    "city": "Flint",
    "e164": "1810",
    "notes": "Industrial history; General Motors birthplace."
  },
  {
    "id": "1813",
    "code": "813",
    "country": "US",
    "region": "Tampa (Core)",
    "city": "Ybor City",
    "e164": "1813",
    "notes": "The original Tampa Bay code. Often rivals St. Pete's 727."
  },
  {
    "id": "1814",
    "code": "814",
    "country": "US",
    "region": "Central PA",
    "city": "State College (Penn State)",
    "e164": "1814",
    "notes": "Happy Valley code."
  },
  {
    "id": "1815",
    "code": "815",
    "country": "US",
    "region": "Joliet / Rockford",
    "city": "",
    "e164": "1815",
    "notes": "Northern Illinois outside of Chicago/Suburbs."
  },
  {
    "id": "1816",
    "code": "816",
    "country": "US",
    "region": "Kansas City",
    "city": "Kansas City (MO side)",
    "e164": "1816",
    "notes": "BBQ capital of the world."
  },
  {
    "id": "1817",
    "code": "817",
    "country": "US",
    "region": "Fort Worth (Core)",
    "city": "Sundance Square",
    "e164": "1817",
    "notes": "The \"Funky Town\" code. Distinct cultural identity from Dallas's 214."
  },
  {
    "id": "1818",
    "code": "818",
    "country": "US",
    "region": "The Valley",
    "city": "Sherman Oaks",
    "e164": "1818",
    "notes": "Pop culture icon (\"Valley Girl\" accent)."
  },
  {
    "id": "1820",
    "code": "820",
    "country": "US",
    "region": "Central Coast",
    "city": "Overlay for 805",
    "e164": "1820",
    "notes": "Newer overlay for Santa Barbara/Ventura."
  },
  {
    "id": "1828",
    "code": "828",
    "country": "US",
    "region": "Asheville",
    "city": "Western NC Mountains. Blue Ridge Parkway.",
    "e164": "1828",
    "notes": ""
  },
  {
    "id": "1830",
    "code": "830",
    "country": "US",
    "region": "Texas Hill Country",
    "city": "New Braunfels",
    "e164": "1830",
    "notes": "The \"Donut\" code that encircles San Antonio. Famous for wineries and river floating."
  },
  {
    "id": "1831",
    "code": "831",
    "country": "US",
    "region": "Central Coast",
    "city": "Monterey",
    "e164": "1831",
    "notes": "Surf City and Pebble Beach golf culture."
  },
  {
    "id": "1832",
    "code": "832",
    "country": "US",
    "region": "Houston Metro",
    "city": "Overlay for 713/281",
    "e164": "1832",
    "notes": "Commonly assigned to cell phones in the Houston metro since the late 90s."
  },
  {
    "id": "1837",
    "code": "837",
    "country": "US",
    "region": "Central Valley",
    "city": "Overlay for 530",
    "e164": "1837",
    "notes": "Future overlay for Northern California."
  },
  {
    "id": "1840",
    "code": "840",
    "country": "US",
    "region": "Inland Empire",
    "city": "Overlay for 909",
    "e164": "1840",
    "notes": "Newer overlay for San Bernardino."
  },
  {
    "id": "1843",
    "code": "843",
    "country": "US",
    "region": "South Carolina Coast",
    "city": "Charleston",
    "e164": "1843",
    "notes": "Lowcountry life."
  },
  {
    "id": "1845",
    "code": "845",
    "country": "US",
    "region": "Hudson Valley",
    "city": "Poughkeepsie",
    "e164": "1845",
    "notes": "Commuter belt for NYC and weekend getaway region."
  },
  {
    "id": "1847",
    "code": "847",
    "country": "US",
    "region": "Chicago North Shore",
    "city": "Evanston",
    "e164": "1847",
    "notes": "The \"Mean Girls\" and \"Home Alone\" filming locations."
  },
  {
    "id": "1850",
    "code": "850",
    "country": "US",
    "region": "Florida Panhandle",
    "city": "Tallahassee (Capitol)",
    "e164": "1850",
    "notes": "Culturally distinct from South FL; often jokingly called \"Lower Alabama.\""
  },
  {
    "id": "1856",
    "code": "856",
    "country": "US",
    "region": "South Jersey (Camden)",
    "city": "",
    "e164": "1856",
    "notes": "Philly suburbs (Cherry Hill). distinct from the shore (609)."
  },
  {
    "id": "1857",
    "code": "857",
    "country": "US",
    "region": "Boston",
    "city": "Overlay for 617",
    "e164": "1857",
    "notes": "Common for newer cell phones in downtown Boston."
  },
  {
    "id": "1858",
    "code": "858",
    "country": "US",
    "region": "San Diego (North)",
    "city": "La Jolla",
    "e164": "1858",
    "notes": "The \"Biotech Beach\" code. Generally wealthier than 619."
  },
  {
    "id": "1859",
    "code": "859",
    "country": "US",
    "region": "Lexington",
    "city": "University of Kentucky (Wildcats).",
    "e164": "1859",
    "notes": "University of Kentucky (Wildcats)."
  },
  {
    "id": "1860",
    "code": "860",
    "country": "US",
    "region": "Hartford/East CT",
    "city": "Hartford",
    "e164": "1860",
    "notes": "Everything in CT that isn't a NYC suburb."
  },
  {
    "id": "1862",
    "code": "862",
    "country": "US",
    "region": "North Jersey",
    "city": "Overlay for 973",
    "e164": "1862",
    "notes": "Newark suburbs."
  },
  {
    "id": "1863",
    "code": "863",
    "country": "US",
    "region": "Heartland Florida",
    "city": "Lakeland",
    "e164": "1863",
    "notes": "Central agricultural hub; citrus and strawberries."
  },
  {
    "id": "1864",
    "code": "864",
    "country": "US",
    "region": "Greenville / Spartanburg",
    "city": "",
    "e164": "1864",
    "notes": "Upstate South Carolina. BMW manufacturing hub."
  },
  {
    "id": "1865",
    "code": "865",
    "country": "US",
    "region": "Knoxville",
    "city": "",
    "e164": "1865",
    "notes": "University of Tennessee (Vols)."
  },
  {
    "id": "1901",
    "code": "901",
    "country": "US",
    "region": "Memphis",
    "city": "Memphis",
    "e164": "1901",
    "notes": "Home of the Blues and Elvis."
  },
  {
    "id": "1903",
    "code": "903",
    "country": "US",
    "region": "Northeast Texas",
    "city": "Tyler",
    "e164": "1903",
    "notes": "Known for the Piney Woods and East Texas distinct culture."
  },
  {
    "id": "1904",
    "code": "904",
    "country": "US",
    "region": "Jacksonville",
    "city": "Downtown Jax",
    "e164": "1904",
    "notes": "One of the original FL codes. Covers the largest city by land area in the contiguous US."
  },
  {
    "id": "1907",
    "code": "907",
    "country": "US",
    "region": "Alaska",
    "city": "Entire State",
    "e164": "1907",
    "notes": "The largest geographic area code in the US."
  },
  {
    "id": "1909",
    "code": "909",
    "country": "US",
    "region": "Inland Empire",
    "city": "San Bernardino",
    "e164": "1909",
    "notes": "The 909 was historically used as derogatory slang by coastal residents (now reclaimed)."
  },
  {
    "id": "1910",
    "code": "910",
    "country": "US",
    "region": "Fayetteville / Wilmington",
    "city": "",
    "e164": "1910",
    "notes": "Fort Liberty (formerly Bragg) and the coast."
  },
  {
    "id": "1912",
    "code": "912",
    "country": "US",
    "region": "Savannah",
    "city": "",
    "e164": "1912",
    "notes": "Historic coastal Georgia."
  },
  {
    "id": "1913",
    "code": "913",
    "country": "US",
    "region": "Kansas City (Suburbs)",
    "city": "Overland Park",
    "e164": "1913",
    "notes": "Johnson County. The wealthy KS side of the metro."
  },
  {
    "id": "1914",
    "code": "914",
    "country": "US",
    "region": "Westchester",
    "city": "Yonkers",
    "e164": "1914",
    "notes": "The wealthy suburbs north of NYC. Location of the X-Men Mansion in comics."
  },
  {
    "id": "1915",
    "code": "915",
    "country": "US",
    "region": "El Paso",
    "city": "El Paso",
    "e164": "1915",
    "notes": "Operates on Mountain Time (the only part of Texas that does)."
  },
  {
    "id": "1916",
    "code": "916",
    "country": "US",
    "region": "Sacramento",
    "city": "Sacramento",
    "e164": "1916",
    "notes": "The political center of California."
  },
  {
    "id": "1917",
    "code": "917",
    "country": "US",
    "region": "New York City",
    "city": "Mobile Phones / Pagers (originally)",
    "e164": "1917",
    "notes": "The first overlay code in NYC (1992). Now a badge of honor for a long-time mobile user."
  },
  {
    "id": "1919",
    "code": "919",
    "country": "US",
    "region": "The Triangle",
    "city": "Raleigh",
    "e164": "1919",
    "notes": "Research Triangle Park (Duke/UNC/NC State)."
  },
  {
    "id": "1920",
    "code": "920",
    "country": "US",
    "region": "Green Bay",
    "city": "",
    "e164": "1920",
    "notes": "Home of the Packers (Lambeau Field)."
  },
  {
    "id": "1925",
    "code": "925",
    "country": "US",
    "region": "East Bay Suburbs",
    "city": "Walnut Creek",
    "e164": "1925",
    "notes": "Wealthy suburbs east of the Oakland hills."
  },
  {
    "id": "1928",
    "code": "928",
    "country": "US",
    "region": "Northern Arizona",
    "city": "Flagstaff / Sedona / Grand Canyon",
    "e164": "1928",
    "notes": "The code for the Grand Canyon."
  },
  {
    "id": "1929",
    "code": "929",
    "country": "US",
    "region": "NYC Outer Boroughs",
    "city": "Overlay for 718/347",
    "e164": "1929",
    "notes": "The newest active overlay for Brooklyn/Queens."
  },
  {
    "id": "1931",
    "code": "931",
    "country": "US",
    "region": "Middle Tennessee",
    "city": "Clarksville / Cookeville",
    "e164": "1931",
    "notes": "The rural ring around Nashville."
  },
  {
    "id": "1934",
    "code": "934",
    "country": "US",
    "region": "Long Island (Suffolk)",
    "city": "Overlay for 631",
    "e164": "1934",
    "notes": "Newer overlay for the Hamptons/Suffolk."
  },
  {
    "id": "1936",
    "code": "936",
    "country": "US",
    "region": "Deep East Texas",
    "city": "Huntsville",
    "e164": "1936",
    "notes": "Heavily wooded region; home to Sam Houston State University."
  },
  {
    "id": "1937",
    "code": "937",
    "country": "US",
    "region": "Dayton",
    "city": "",
    "e164": "1937",
    "notes": "Wright-Patterson AFB and aviation history."
  },
  {
    "id": "1940",
    "code": "940",
    "country": "US",
    "region": "North Texas",
    "city": "Denton",
    "e164": "1940",
    "notes": "College town vibes (UNT/TWU) blending into horse country."
  },
  {
    "id": "1941",
    "code": "941",
    "country": "US",
    "region": "Sarasota / Manatee",
    "city": "Siesta Key",
    "e164": "1941",
    "notes": "Home to the Ringling Bros circus history."
  },
  {
    "id": "1949",
    "code": "949",
    "country": "US",
    "region": "Orange County (South)",
    "city": "Newport Beach",
    "e164": "1949",
    "notes": "The \"Real Housewives\" code. Very wealthy coastal suburbs."
  },
  {
    "id": "1951",
    "code": "951",
    "country": "US",
    "region": "Inland Empire (South)",
    "city": "Riverside",
    "e164": "1951",
    "notes": "Split off from 909. Known for wine (Temecula) and suburban sprawl."
  },
  {
    "id": "1954",
    "code": "954",
    "country": "US",
    "region": "Broward County",
    "city": "Fort Lauderdale",
    "e164": "1954",
    "notes": "Often overshadowed by 305  but distinct. \"The 954\" represents the Ft. Lauderdale metro."
  },
  {
    "id": "1956",
    "code": "956",
    "country": "US",
    "region": "Rio Grande Valley",
    "city": "McAllen",
    "e164": "1956",
    "notes": "Puro 956 is a major local catchphrase representing border culture."
  },
  {
    "id": "1970",
    "code": "970",
    "country": "US",
    "region": "Colorado Mountains",
    "city": "Aspen",
    "e164": "1970",
    "notes": "The \"Ski Bum\" code."
  },
  {
    "id": "1971",
    "code": "971",
    "country": "US",
    "region": "Portland",
    "city": "Overlay for 503",
    "e164": "1971",
    "notes": "The newer Portland code."
  },
  {
    "id": "1972",
    "code": "972",
    "country": "US",
    "region": "Dallas (Suburbs)",
    "city": "Plano",
    "e164": "1972",
    "notes": "Historically the \"Suburban\" code to 214's \"Urban\" code. Now they are mixed."
  },
  {
    "id": "1973",
    "code": "973",
    "country": "US",
    "region": "North Jersey",
    "city": "Newark",
    "e164": "1973",
    "notes": "Overlay for 201  heavily urban/industrial."
  },
  {
    "id": "1978",
    "code": "978",
    "country": "US",
    "region": "Lowell / North Shore",
    "city": "",
    "e164": "1978",
    "notes": "Historic industrial towns north of Boston."
  },
  {
    "id": "1979",
    "code": "979",
    "country": "US",
    "region": "Brazos Valley",
    "city": "College Station (Texas A&M)",
    "e164": "1979",
    "notes": "The \"Aggieland\" code."
  },
  {
    "id": "1985",
    "code": "985",
    "country": "US",
    "region": "North Shore",
    "city": "Slidell / Covington",
    "e164": "1985",
    "notes": "The suburbs north of Lake Pontchartrain (across from New Orleans)."
  },
  {
    "id": "1989",
    "code": "989",
    "country": "US",
    "region": "Central Michigan",
    "city": "Saginaw / Mt. Pleasant",
    "e164": "1989",
    "notes": "Central Michigan University area."
  }
]