331,FR,1,Île-de-France,Paris,Boulogne-Billancourt,,,Primary Paris region code
332,FR,2,Hauts-de-France,Lille,Rouen,Normandie,,Northern and Northwestern zone
333,FR,3,Grand Est,Strasbourg,Reims,,,Northeastern zone adjoining Germany and Belgium
334,FR,4,Auvergne-Rhône-Alpes,Lyon,Grenoble,Provence-Alpes-Côte d’Azur,,Southeastern zone including Rhône valley and Alps
335,FR,5,Nouvelle-Aquitaine,Bordeaux,Toulouse,Occitanie,,Southwestern zone spanning Atlantic to Pyrenees
336,FR,6,Provence-Alpes-Côte d’Azur,Nice,Cannes,,,Mobile numbers legacy block
337,FR,7,Occitanie,Marseille,Montpellier,Provence-Alpes-Côte d’Azur,,Second mobile number block
338,FR,8,Grand Est,Nancy,Metz,,,Non-geographic services (toll-free and shared-cost ranges vary)
339,FR,9,Pays de la Loire,Nantes,Rennes,Bretagne,,VoIP and non-geographic allocations